Sample,Por,LogPerm,AI,Brittle,TOC,VR,Prod
1,15.91,1.67,3.06,14.05,1.36,1.85,1897.657798
2,15.34,1.65,2.6,31.88,1.37,1.79,2745.732996
3,20.45,2.02,3.13,63.67,1.79,2.53,5835.130524
4,11.95,1.14,3.9,58.81,0.4,2.03,2132.237219
5,19.53,1.83,2.57,43.75,1.4,2.11,6282.254735
6,19.47,2.04,2.73,54.37,1.42,2.12,6443.694847
7,12.7,1.3,3.7,43.03,0.45,1.95,2486.771344
8,14.15,1.23,2.53,39.43,0.79,1.54,2868.938662
9,16.18,1.34,3.45,45.79,0.56,1.95,4142.793216
10,20.51,2.48,2.78,28.99,1.78,2.24,4456.805225
11,12.25,1.2,3.64,64.08,0.81,2.44,1987.163237
12,11.59,1.06,3.33,59.32,0.24,1.91,1976.316171
13,18.18,2.02,2.85,24.81,1.17,1.84,2988.580492
14,12.1,1.42,4.1,63.71,0.09,2.12,1924.904504
15,14.68,1.47,2.21,46.02,1.27,1.67,3531.167201
16,9.23,0.81,2.85,69.48,0.69,1.87,918.9753076
17,14,1.65,3.83,57.35,1.12,2.32,3064.745624
18,10.24,0.88,2.96,30.03,0.43,1.48,1136.263333
19,15.74,1.2,2.78,40,1.49,2.25,3662.318498
20,13.29,1.15,3.04,93.47,0.3,1.94,1309.038775
21,16.57,1.85,2.52,32.16,1.43,1.78,3222.436852
22,17.05,1.69,3.64,47.87,1.17,2.34,4836.485054
23,15.97,1.37,2.88,69.75,0.9,1.81,2767.755217
24,16.37,1.34,2.67,48.01,1.28,2.16,4447.021312
25,10.52,1.07,4.31,39.33,0.13,2.18,1580.822856
26,10.84,0.58,2.64,44.3,0.41,1.41,1854.774181
27,11.72,1.17,3.87,51.55,0.71,2.39,2282.509509
28,11.54,1.1,4.47,37.78,0.67,2.51,1856.039806
29,13.92,1.45,3.54,55.46,0.62,1.89,3052.118117
30,17.02,1.92,3.08,41.88,1.26,2.06,4479.009683
31,16.33,1.5,1.85,26.94,1.44,1.18,2630.150588
32,16.55,1.63,2.99,50.06,0.88,1.68,4518.327489
33,15.39,1.47,3.27,39.65,0.84,2.01,3403.63217
34,13.64,1.38,3.01,50.78,0.86,2.12,3073.392321
35,12.77,1.62,2.77,26.3,1.73,2.01,1645.389226
36,16.75,1.81,2.99,52.38,0.66,1.77,4566.055495
37,13.13,0.92,3.76,30.93,0.67,2.18,1939.306614
38,20.67,1.95,3.16,46.83,2.44,2.82,7866.029772
39,20.11,1.72,2.83,27.93,1.53,2.1,4045.615032
40,9.7,1.13,3.32,46.81,0.44,1.98,1553.947431
41,13.48,1.48,2.9,55.11,0.61,1.82,2887.123308
42,17.47,1.58,2.84,49.93,2.13,2.3,5335.197877
43,14.21,1.51,3.74,68.15,0.74,2.34,2330.940232
44,11.68,0.96,3.87,43.81,0.64,2.09,2154.123244
45,18.12,1.57,2.92,59.13,1.35,2.24,4984.393408
46,15.88,1.66,3.41,57.2,0.68,2.06,3856.508532
47,13.84,1.23,3.07,38.37,1.33,2.22,2727.044638
48,15.1,1.46,3.32,84.17,0.97,2.22,1768.434803
49,13.97,1.06,3.28,52.06,0.95,1.97,3194.586644
50,14.39,1.18,3.04,25.38,1.45,1.99,1986.460816
51,21,1.94,2.32,58.72,1.14,1.84,6997.121912
52,15.79,1.31,2.18,54.5,0.93,1.41,3989.356361
53,10.66,1.3,3.68,68.09,1.38,2.52,1358.103306
54,15.53,1.19,1.92,44.57,1.1,1.48,3832.234879
55,13.49,1.38,2.56,52.76,1.42,2.01,3048.470598
56,11.8,1.16,3.43,93.39,0.25,1.9,1031.877866
57,10.1,0.36,3.6,38.75,0.08,1.89,1420.444716
58,12.89,1.12,2.96,43.09,0.71,1.9,2578.458639
59,15.94,1.26,2.65,31.6,1.76,2.02,2946.672196
60,18.79,1.88,3.35,36.03,1.73,2.24,4779.814141
61,14.8,1.57,3.93,57.05,0.31,2.32,3318.862765
62,12.38,0.79,3.96,78.95,0.19,2.27,1320.958032
63,10.27,0.79,3.33,49.05,0.73,2.25,1771.793074
64,14.22,0.99,2.66,29.89,1.16,2.02,2208.386004
65,14.76,1.09,3.07,48.28,0.34,1.81,3475.649221
66,12.77,0.98,3.75,55.11,0.41,2.36,2567.140697
67,12.94,1.32,3.94,57.12,0.39,2.21,2563.767892
68,17.72,1.66,1.39,36.25,2.15,1.93,4310.586699
69,13.66,0.64,3.2,61.53,0.6,2.12,2579.27025
70,12.87,0.89,2.72,52.21,0.64,1.81,2693.13725
71,14.6,1.28,3.29,55.24,0.8,2.24,3369.347811
72,15.64,1.26,3.25,51.26,0.98,2.3,4012.371589
73,14.92,1.83,2.8,49.06,1,1.78,3700.285177
74,16.39,1.25,2.59,54.21,1.75,2.3,4458.734292
75,14.09,1.15,2.95,45.1,0.93,1.91,3172.72839
76,13.6,1.34,2.72,65.56,0.8,1.84,2322.915704
77,13.41,1.68,3.25,61.06,0.49,1.77,2549.658768
78,17.18,1.36,2.95,60.23,1.89,2.46,4417.555677
79,13.49,0.85,2.57,38.37,1.24,2.06,2577.454197
80,18.49,1.68,2.93,30.18,1.13,2.07,3685.493305
81,13.46,1.17,2.92,56.97,0.89,1.97,2817.681055
82,20.52,1.64,2.36,30.58,2.14,2.31,4757.456866
83,15.96,1.64,3.24,58.07,1.22,2.22,3916.481695
84,16.69,1.46,3.09,64.31,1.2,2.17,3622.83189
85,20.25,2.47,2.51,34.93,1.04,1.67,5314.13023
86,18.8,2.31,2.57,51.96,1.63,2.09,6171.872866
87,20.23,1.68,2.17,60.08,1.81,2.16,6339.112157
88,16.8,1.49,2.94,33.29,1.38,2.15,3416.407877
89,16.59,1.54,2.56,33.49,1.18,1.84,3339.872761
90,16.34,1.55,3.1,49.21,1.01,1.95,4415.328106
91,17.41,1.28,2.9,20.37,1.43,2.12,2453.306819
92,17.04,1.76,3.04,51.72,0.79,2.08,4771.63081
93,14.17,1.62,2.33,76.95,0.94,2,1807.822418
94,10.88,0.98,3.4,67.99,0.6,2.01,1385.078123
95,13.92,1.1,2.48,32.28,0.8,1.53,2266.907958
96,13.45,1.35,3.37,77.02,0.46,2.03,1623.660192
97,18.03,1.97,2.43,59.24,1.65,1.67,5013.841596
98,16.53,1.46,2.09,56.93,1.12,1.95,4263.66026
99,12.26,0.67,2.76,69.9,0.37,1.78,1641.718726
100,12.85,1.11,4.5,69.82,0.2,2.54,1801.544918
101,18.31,2.1,2.82,40.04,1.72,2.27,5113.26042
102,16.79,1.92,3.36,59.23,0.93,2.24,4198.773913
103,9.87,1.17,3.41,75.55,0.38,2.08,878.9512661
104,12.07,0.65,3.83,50.43,0.24,1.93,2354.976675
105,13.87,1.53,2.76,59.46,0.3,1.59,2792.607296
106,18.33,2.19,3.16,42.78,0.86,1.82,5268.031086
107,13.37,1.07,3.61,39.07,0.96,2.1,2564.375769
108,13.78,1.33,2.54,43.76,0.43,1.22,2937.00507
109,14.6,1.35,2.21,72.28,0.96,1.73,2166.706445
110,9.2,0.68,2.91,47.79,0.34,1.55,1392.405517
111,10.71,0.59,2.86,46.15,0.86,2.02,1888.915086
112,16.55,1.42,2.62,76.03,1.15,2,2451.053046
113,23.85,2.57,1.21,34,2.39,1.34,3223.076101
114,17.62,1.79,2.74,61.75,1.41,2.14,4414.831969
115,19.98,2.14,3.09,46.55,1.84,2.37,7063.170894
116,19.39,1.76,2.73,36.73,1.44,2.1,5164.471553
117,19.38,1.67,2.18,49.64,1.72,2,6594.522862
118,11.86,0.94,4.13,65.22,0.32,2.28,1774.586161
119,16.99,1.56,3.06,29.86,0.86,1.61,3071.359461
120,14.83,1.68,2.78,42.27,0.82,1.8,3361.867574
121,13.73,1.01,4.37,86.28,0.52,2.69,1451.667513
122,18.26,1.52,3.21,31.53,1.04,2.15,3752.731127
123,15.81,1.52,2.47,57.97,1.6,2.17,3899.248047
124,11.99,1.23,3.86,29.76,0.33,2.01,1561.832166
125,14.52,1.29,3.39,34.97,1.17,2.03,2700.993902
126,11.39,1.11,3.39,58.45,0.37,2.01,1957.407337
127,11.93,1.22,2.7,34.35,0.63,1.44,1794.328219
128,16.41,1.42,2.75,48.19,1.14,1.8,4450.956757
129,14.76,1.07,3.38,49.63,0.73,1.89,3540.395479
130,14.18,1.64,3.79,55.69,0.98,2.44,3208.430322
131,13.64,1.53,3.4,37.02,0.77,1.74,2523.091599
132,12.73,1.33,2.36,55.95,1.19,1.74,2610.808012
133,10.25,1.4,3.59,52.02,0.39,1.83,1749.507285
134,13.25,1.57,3.46,65.91,0.8,1.98,2194.684983
135,20.54,2.06,2.8,47.15,1.71,2.18,7522.237383
136,11.47,1.14,3.35,69.35,0.64,1.97,1480.131133
137,12.16,0.76,4.22,45.38,1.38,2.82,2435.142201
138,18.16,2.03,2.74,36.43,1.62,1.95,4496.881081
139,9.2,0.85,3.65,62.92,-0.25,1.79,1107.186714
140,8.73,0.61,3.4,46.11,-0.06,1.54,1210.776225
141,13.5,1.44,3.48,47.55,0.63,1.98,2968.257963
142,15.7,1.68,2.59,72.9,1.08,1.83,2444.433863
143,16,1.39,2.93,36.56,0.75,1.91,3369.8809
144,20.18,1.98,2.48,69.95,1.29,2.03,4400.276781
145,9.24,0.72,2.63,48.4,0.49,1.43,1420.051107
146,15.02,1.94,3.58,42.68,0.83,2.13,3486.36816
147,12.58,0.97,3.33,66,0.06,1.66,1929.170391
148,9.81,0.26,3.59,79.18,0.8,2.59,789.0588355
149,9.97,1.04,3.18,54.66,0.23,1.78,1599.705771
150,16.35,1.39,3.25,49.33,1.24,2.37,4456.558175
151,15.7,1.56,2.17,66.75,1.03,1.68,2967.186884
152,17.06,1.51,2.92,35.49,1.32,2.08,3777.022774
153,14.2,1.21,3.92,51.71,0.83,2.41,3295.24925
154,15.87,1.43,2.72,59.24,1.27,2.09,3772.911143
155,6.48,0.39,3.68,81.87,-0.14,1.87,97.62915882
156,14.24,1.51,3.47,43.31,0.71,2.21,3145.449042
157,13.31,1.17,2.53,67.55,0.67,1.59,2088.863724
158,17.2,1.87,2.75,44.12,1.18,2,4747.869615
159,10.51,1.27,3.48,74.89,0.28,1.92,1034.461132
160,17.96,1.82,2.4,44.88,1.71,2.15,5375.568015
161,19.86,1.92,2.14,77.04,0.4,1.25,3263.944179
162,14.9,0.88,2.59,36.2,1.65,2.14,2974.527523
163,17.65,2.06,2.63,62.7,1.4,2.02,4327.390769
164,17.73,1.62,2.54,40.61,1.79,2.09,4817.789172
165,19.16,1.87,1.76,35.96,1.53,1.51,4936.140642
166,17.49,1.66,2.78,52.07,1.42,2.15,5156.751055
167,16.18,1.77,2.65,35.03,1.04,1.61,3335.372421
168,9.79,0.91,3.24,50.67,0.55,1.92,1607.064694
169,14.78,1.18,2.37,61.85,1.4,1.94,3081.868926
170,22.14,2.37,2.21,37.26,1.88,2.16,7334.210534
171,14.76,1.21,2.35,50.28,1.51,1.92,3663.842137
172,16.3,1.19,2.12,84.58,1.94,2.55,2015.857443
173,14.6,1.17,1.87,42.98,1.28,1.51,3334.840219
174,17.52,1.35,3.28,40.74,1.23,2.29,4590.256739
175,17.92,1.94,2.81,39.43,1.7,2.08,4791.339175
176,12.54,1.14,3.93,54.03,0.24,2.16,2498.899612
177,15.52,1.01,3.71,70.25,0.94,2.46,2574.637445
178,12.89,1.26,3.21,56.19,0.95,2.11,2636.443945
179,13.86,1.25,2.16,62.95,1.05,1.92,2614.50306
180,16.9,1.88,3.19,53.89,1.24,2.23,4713.842634
181,14.18,1.18,3.27,74.31,0.89,2.14,1932.28084
182,11.62,1.29,3.56,51.21,0.33,1.95,2216.83779
183,14.27,1.7,2.58,47.1,0.81,1.57,3327.245579
184,15.67,1.32,3.17,53.23,0.84,1.92,3965.557529
185,18.36,1.75,2.18,41.26,1.82,1.97,5290.23806
186,15.63,1.48,3.42,38.13,1.13,2.04,3411.488394
187,15.47,1.67,2.35,74.76,0.94,1.74,2245.678532
188,8.8,0.95,3.67,87.54,0.36,2.28,499.1155266
189,16.35,1.67,3.2,44.5,0.84,2.01,4233.728311
190,17.4,1.65,1.88,27.97,0.46,0.9,2993.664373
191,17.19,1.7,2.61,35.62,1.17,1.91,3840.391216
192,15.94,1.64,2.14,42.74,0.63,1.03,3874.557667
193,10.04,0.74,3.17,74.96,0.98,2.09,939.6520279
194,11.78,1.21,3.3,36.6,0.75,2.01,1877.334973
195,14.57,1.41,3.38,58.86,0.36,1.88,3112.999116
196,13.53,1.16,2.67,34.5,0.71,1.32,2296.006313
197,12.22,1.36,3.09,71.08,0.86,2.03,1600.589839
198,12.86,1.31,3.2,50.36,0.04,1.63,2658.755309
199,14.69,1.36,2.24,25.28,0.68,1.25,2032.311196
200,13.79,1.66,3.71,62.7,0.75,2.45,2597.139898
201,13.71,1.2,2.71,49.11,0.92,1.93,3100.852717
202,11.61,1.21,3.89,52.33,0.34,2.03,2199.980599
203,13.44,1.32,2.87,36.37,0.27,1.36,2362.926381
204,13.43,1.13,3.44,51.75,0.95,2,2972.501432
205,11.38,1.16,2.26,45.25,0.45,1.48,2081.807444
206,16.65,1.74,2.74,47.34,1.14,1.77,4590.703063
207,15.82,1.22,1.81,48.74,0.87,1.29,4087.010742
208,19.08,1.84,2.73,49.56,1.38,2.24,6291.026106
209,13.37,0.92,2.69,42.26,1.02,1.74,2744.912571
210,11.88,0.89,3.05,43.18,0.53,1.54,2189.582252
211,10.29,1.05,3.6,41.11,-0.23,1.6,1554.26778
212,12.57,1.31,3.64,48.9,0.9,1.99,2630.347925
213,17.06,1.46,2.69,27.81,2.09,2.23,2976.836275
214,9.66,0.96,3.49,83.63,0.36,2.09,693.5022019
215,14.38,1.38,2.95,60.16,1.49,2.28,3068.463245
216,11.44,1.06,2.84,44.67,1.1,2.06,2138.826715
217,9.78,0.57,3.72,77.4,0.16,2.31,812.6704049
218,14.95,1.49,2.59,47.49,1.31,1.94,3714.466845
219,9.6,0.4,3.33,52.08,0.89,2.1,1545.717733
220,20.83,2.19,2.57,82.77,1.96,2.43,3125.618397
221,14,1.48,2.59,58.35,0.95,1.67,2980.978026
222,14.27,1.63,3.11,74.31,0.65,1.98,1950.761503
223,16.53,1.39,2.52,28.62,1.13,1.6,2816.538631
224,17.62,1.69,2.19,33.65,1.47,1.79,3821.897848
225,21.89,1.66,1.86,39.58,1.69,2.03,7536.710477
226,13.34,0.83,2.56,29.32,1.12,1.76,1920.245707
227,16.29,1.6,3.2,38.23,0.87,1.86,3681.47635
228,13.44,1.2,2.98,86.55,0.84,2.32,1393.405516
229,17.21,1.41,2.05,55.24,1.88,2.15,4908.837896
230,16.89,1.52,2.61,44.91,1.63,1.96,4690.03779
231,15.56,1.99,2.78,49.86,1.26,1.89,4076.70405
232,17.33,1.94,2.58,69.48,1.7,2.1,3350.418258
233,17.68,2.38,3.71,64.66,1.2,2.56,4073.882637
234,15.46,1.37,2.91,52.28,1.14,2.13,3939.1257
235,16.64,1.61,2.97,47.64,1.22,2.07,4600.670953
236,11.75,1.08,3.48,42.64,0.86,2.26,2157.77798
237,12.59,1.08,3.36,29.74,0.42,1.68,1718.045134
238,14.78,1.55,3.89,63.01,0.65,2.51,2925.363177
239,13.74,1.9,3.42,61.13,0.72,2.1,2694.011607
240,12.24,1.25,3.44,55.1,0.8,2.31,2415.226049
241,13.22,1.35,2.28,54.15,1.23,1.88,2876.406474
242,15.98,1.34,3.35,28.91,1.38,2.31,2683.183329
243,14.64,1.69,2.99,72.94,0.82,2.1,2134.959254
244,11.81,0.8,3.09,55.35,0.62,1.91,2220.394507
245,9.99,0.95,2.98,44.3,0.89,1.8,1625.32082
246,15.71,1.71,3.01,40.42,0.6,1.64,3590.868172
247,15.72,1.2,2.51,38.58,1.34,1.97,3505.668919
248,15.76,0.98,3.32,43.93,0.53,2.19,3812.717284
249,13.89,1.51,3.07,39.89,0.46,1.74,2778.322946
250,14.25,1.34,3.15,55.66,1.09,2.23,3236.180885
251,6.68,0.24,3.93,26.2,0.7,2.14,246.0078892
252,13.84,1.49,3.08,52.98,1.07,2.12,3158.858067
253,11.66,1.23,3.16,41.27,0.86,1.84,2077.444092
254,10.41,0.94,2.74,40.45,0.21,1.28,1593.085115
255,12.77,0.85,3.64,53.14,0.73,2.24,2644.321779
256,18.84,2.43,3.28,61.24,1.51,2.37,5231.675834
257,12.56,1.5,3.67,44.06,0.89,2.11,2525.372773
258,18.12,1.68,2.92,69.68,1.32,2.19,3576.328266
259,13.24,1.24,3.09,30.13,1.62,2.1,1973.443806
260,10.3,0.5,3.78,15.61,0.48,2.1,809.6101551
261,12.35,0.91,2.8,35.57,0.28,1.69,1958.228918
262,15.32,1.3,2.14,41.65,1.06,1.42,3548.785255
263,18.59,1.98,1.91,56.49,0.92,1.57,5499.331342
264,16.02,1.18,2.41,46.45,0.98,1.75,4144.635846
265,21.74,1.89,2.71,52.49,2.71,2.84,9097.211192
266,14.73,1.37,3.32,39.74,0.64,1.89,3110.530915
267,17.24,1.89,1.94,60.78,0.52,1.18,4201.217735
268,11.41,0.77,3.68,46.48,1.12,2.17,2162.370234
269,16.25,1.49,2.84,35.52,0.96,1.76,3394.038484
270,11.47,1.23,3.74,67.19,1.04,2.3,1602.330012
271,12.68,1.02,3.52,37.33,0.64,2.03,2191.936824
272,15.07,0.99,3.27,47.99,1.15,2.47,3726.506187
273,15.22,1.4,3.24,55.21,0.96,1.94,3687.13966
274,10.92,1.05,3.48,59.51,0.52,1.84,1772.81573
275,17.49,1.2,2.2,22.34,1.06,1.37,2581.937979
276,9.93,0.88,3.39,45.77,0,1.87,1574.816326
277,12.53,1.3,2.78,55.54,1.08,2.26,2536.887804
278,5.4,0.64,4.45,72.01,-0.26,2.08,2.71353485
279,17.27,1.5,2.59,46.97,1.51,2.12,4996.154836
280,21.57,2.52,3.21,30.83,1.4,2.08,5285.827253
281,10.63,1.46,3.14,20.64,-0.09,1.28,948.5773039
282,14.9,0.75,2.26,37.08,1.07,1.65,2985.709978
283,12.14,1.13,4.7,62.07,0.68,2.66,2054.559448
284,15.66,1.68,2.22,53.52,0.77,1.59,3962.214799
285,14.2,1.58,3.16,68.35,0.47,1.94,2300.364307
286,15.43,1.5,2.08,54.6,0.95,1.34,3818.328654
287,10.3,1.16,4.09,64.46,-0.13,1.95,1354.900295
288,9.74,1,4.09,71.35,-0.21,2.01,956.8163175
289,19.22,1.48,2.72,51.81,1.68,2.2,6410.242493
290,17.22,1.98,1.61,69.3,1.54,1.42,3318.872624
291,11.35,1.33,3.13,49.24,0.44,1.88,2134.071714
292,15.46,1.73,3.14,57.4,0.81,2.04,3667.664068
293,14.21,1.54,2.64,68.61,1.08,1.9,2320.492537
294,17.78,1.53,2.48,43.15,2.32,2.39,5224.988903
295,11.55,1.33,3.26,53.7,1.03,2.39,2222.544312
296,17.27,1.92,3.05,41,1.26,2.15,4532.036273
297,11.31,0.58,3.75,42.39,1.03,2.43,1996.602594
298,16.36,1.68,3.47,36.42,1.33,2.63,3590.711024
299,18.51,1.65,2.06,52.81,1.48,1.64,5813.461684
300,12.91,1.21,2.75,66.05,1.29,2.01,2103.342438
301,17.29,1.96,2.85,45.41,1.39,1.96,4939.228285
302,15.88,1.35,2.87,64.63,1.47,2.31,3282.321264
303,16.57,1.77,3.08,36.59,1.53,2.31,3731.348856
304,14.08,1.24,3.44,49.67,0.4,1.6,3199.691821
305,16.25,1.77,3.73,56.55,0.94,2.23,4135.470242
306,14.5,1.25,2.74,47.95,0.94,1.67,3445.903333
307,11.58,0.99,3.74,77.44,0.89,2.6,1201.774693
308,16.15,1.15,2.51,65.51,1.26,2.17,3265.867854
309,17.12,1.7,2.55,49.69,1.67,2.12,5018.701614
310,18.95,1.64,1.74,49.67,1.75,1.68,6274.546384
311,15.51,1.09,3.11,42.08,0.91,2,3635.39656
312,18.7,2.48,2.31,71.17,1.7,2.38,3674.665058
313,18,0.96,3.33,23.6,1.64,2.58,2831.56481
314,13.5,1,3.64,37.02,1.02,2.18,2477.640649
315,17.84,1.77,2.69,57.2,1.48,2.07,5067.513815
316,14.5,1.52,2.48,62.6,0.67,1.49,2851.978191
317,11.79,1.28,3.33,52.69,0.2,1.58,2253.068654
318,14.24,1.48,3.45,28.59,0.86,1.93,2122.021616
319,14.11,1.55,3.57,62.81,0.62,1.85,2687.310949
320,13.89,1.16,2.32,46.07,0.91,1.56,3116.341015
321,14.41,1.27,2.79,34.1,1.58,1.94,2623.797814
322,16.05,2.17,3.17,24.66,0.29,1.56,2344.264499
323,11.83,0.87,3.01,62.72,0.65,1.93,1914.296691
324,11.59,0.97,3.39,26.32,0.95,2.19,1331.918364
325,15.45,2.05,3.54,67.43,0.86,2.25,2818.581897
326,10.78,1.42,4.09,72.67,0.25,2.09,1168.253836
327,11.9,1.14,2.95,51.46,1.14,2,2389.892881
328,12.83,0.78,3.6,67.51,1.24,2.59,1971.659365
329,16.87,1.49,2.62,52.99,1.04,1.89,4661.627522
330,16.49,1.47,2.39,53.66,1.8,2.16,4565.55112
331,17.4,2.08,2.69,42.81,1.38,2.32,4816.810773
332,11.36,1.15,3.89,57.7,0.06,1.95,1955.970535
333,18.57,1.76,3.1,55.76,0.91,2.06,5531.542516
334,15.11,1.28,3.4,44.4,0.56,2.06,3552.007087
335,10.33,0.89,4.15,58.37,0.12,1.87,1602.646559
336,15.58,1.31,3.07,43.25,1.06,2.03,3779.560431
337,14.86,1.41,2.54,56.44,1.35,1.95,3509.009156
338,15.93,1.2,2.03,53.25,1.69,1.91,4236.591783
339,13.86,0.91,3.14,69.91,1.2,2.48,2117.779434
340,21.01,2.12,3.05,13.1,1.94,2.08,2943.79451
341,15.56,1.17,2.58,43.94,1.36,2.13,3848.755665
342,16.6,1.1,3.07,30.53,1.82,2.48,3066.477041
343,14.46,1.71,2.82,53.33,0.98,2.02,3425.362607
344,15.9,1.36,2.99,24.26,0.48,1.64,2274.736347
345,11.78,1.1,4.63,65.95,0.57,2.69,1730.996812
346,21.24,1.79,1.69,36.05,1.86,1.83,6294.624123
347,15.35,1.01,2.14,71.78,1.53,2.15,2438.855502
348,13.1,1.23,3.35,45.16,0.39,1.81,2710.358237
349,18.71,2.16,2.72,42.3,1.5,2.14,5605.420348
350,9.7,0.76,2.92,49.44,0.45,1.73,1565.979539
351,8.68,0.81,3.28,55.4,0,1.58,1178.224992
352,13.54,0.74,3.2,51.43,0.63,1.96,2968.949086
353,17.4,1.46,2.58,51.6,1.51,2.25,5114.546644
354,12.85,1.14,3.12,57.06,1.29,2.18,2612.564202
355,17.16,1.45,2.3,49.83,1.31,1.92,4943.41199
356,11.63,1.01,3.14,49.04,0.64,2.1,2242.367389
357,12.31,1.08,3.05,35,0.82,1.89,1951.769417
358,14.98,1.32,3.41,40.79,0.87,2.14,3316.548156
359,15.99,1.03,3.72,50.02,1.1,2.46,4208.056749
360,18.07,2.06,3.19,56.56,1.22,2.29,5238.983688
361,11.51,1.33,3.74,62.76,0.14,2.02,1794.618377
362,15.14,1.13,3.2,47.41,0.91,2.12,3723.886702
363,14.89,1.38,2.93,38.66,1.59,2.11,3198.960448
364,15.05,1.33,2.33,49.8,0.53,1.37,3665.127515
365,18.52,1.56,2.37,32.46,1.85,1.94,4090.815038
366,15.82,1.52,1.96,55.3,1.14,1.74,4011.290615
367,16.7,1.53,2.99,36.69,1.75,2.41,3815.96602
368,14.9,1.55,2.86,70.09,1.22,1.97,2427.481874
369,13.55,1.08,2.84,63.98,0.26,1.67,2369.889587
370,9.7,0.32,3.33,20.79,0.9,1.96,766.6730334
371,12.64,1.15,3.42,17.37,1.06,2.02,1301.360734
372,19.32,2.26,1.75,32.14,2.25,1.82,4508.937507
373,12.62,1.26,3.44,69.53,1.11,2.42,1798.551378
374,17.51,1.69,2.19,65.64,1.75,2.15,3901.35811
375,11.66,1.13,3.38,35.07,0.44,1.82,1741.591212
376,16.11,1.22,3.18,38.25,1.44,2.26,3657.891525
377,20.06,1.94,3.44,48.17,1.2,2.5,6982.542132
378,16.53,1.45,2.57,51.47,0.96,1.89,4494.049296
379,13.36,0.83,2.28,41.64,0.61,1.39,2666.767589
380,15.13,1.16,3.52,33.62,1,2.17,2782.489863
381,17.78,1.77,2.02,40.36,2.08,1.71,4887.451729
382,20.73,1.96,3.04,71.68,1.15,2.18,4330.520917
383,18.93,1.88,3.01,37.64,1.32,2,5030.056837
384,13.45,1.31,1.74,79.53,1.22,1.82,1551.34865
385,15.98,2.05,3.7,47.41,0.63,2.02,4156.77067
386,19.84,2.03,3.38,30.67,1.49,2.29,4380.17269
387,14.61,1.2,2.77,34.97,0.62,1.37,2686.568314
388,18.61,1.79,2.02,55.2,1.75,1.96,5815.274401
389,13.66,1.15,3.18,47.23,0.66,1.7,3017.999421
390,12.94,1.35,3.06,56.18,0.8,1.92,2643.575458
391,15.43,2.03,3.18,59.2,0.52,1.72,3501.491098
392,14.73,1.18,3.13,38.56,1.44,2.13,3098.847621
393,19.35,1.62,2.11,18.59,1.88,1.74,2839.943288
394,18.04,1.99,2.65,36.92,1.8,2.43,4531.918992
395,16.11,1.44,2.2,42.23,0.72,1.31,3924.233947
396,10.92,1.43,3.39,74.4,0.5,1.81,1148.084484
397,18.32,1.85,2.6,17.8,1.63,1.84,2546.186863
398,18.25,1.62,3.02,23.09,1.39,2.02,2859.930057
399,14,1.69,3.64,60.33,0.92,2.48,2858.828203
400,16.54,1.56,3.73,57.99,1.21,2.55,4204.093515
401,16.97,1.43,2.44,53.38,1.39,2.17,4772.826319
402,15.54,1.76,2.27,51.9,1.47,1.92,4067.170093
403,15.72,1.24,3.13,56.95,0.93,2.25,3813.65688
404,12.04,0.87,3.05,63.83,0.81,2,1928.524959
405,12.49,0.98,3.3,42.89,0.56,1.78,2401.692499
406,12.03,0.82,2.96,75.84,1.04,2.31,1354.607806
407,18.05,1.94,2.57,53.36,1.17,2.04,5435.220394
408,13.57,1.08,3.31,58.1,0.29,1.79,2735.179341
409,20.78,2.31,2.52,52.74,1.05,1.98,7549.082806
410,15.49,1.66,3.09,47.3,0.63,1.87,3876.791127
411,15.58,1.61,3.11,69.18,0.96,2.15,2701.267378
412,8.77,0.87,2.92,53.78,0.09,1.55,1235.831825
413,12.13,1.01,3.27,63.22,0.2,1.93,1953.448826
414,14.4,1.68,2.99,33.64,0.82,1.82,2540.176182
415,13.03,1.09,2.15,76.97,0.56,1.63,1531.957204
416,20.51,2.44,2.4,51.68,1.01,1.58,7373.242691
417,17.01,1.25,3.59,31.26,1.05,2.08,3231.917297
418,15.43,1.23,1.8,30.23,1.87,1.94,2655.944815
419,16.85,1.2,2.73,40.08,1.41,2.02,4192.275996
420,16.98,1.21,2.56,39.26,1.47,1.97,4177.980417
421,13.46,1.69,2.84,47.74,0.66,1.67,2969.982606
422,13.72,1.1,3.19,41.6,0.4,1.6,2790.990593
423,13.46,1.33,3.51,34.31,0.8,1.81,2269.610211
424,16.4,1.39,2.52,61.87,1.32,1.82,3773.334162
425,17.96,1.56,3.17,58.01,1.51,2.55,5046.465083
426,16.51,1.31,2.61,30.5,1.27,1.82,2996.282163
427,7.45,0.18,2.52,49.15,0.8,1.85,902.2764085
428,13.36,1.27,3.13,26.97,0.77,1.75,1788.039318
429,14.16,1.5,2.86,35.57,0.73,1.73,2592.412729
430,14.18,1.42,3.49,49.23,0.69,2.06,3288.28635
431,17.96,1.66,2.71,56.94,1.52,2.35,5163.340868
432,11.54,0.58,4.35,70.31,0.07,2.49,1427.831363
433,15.41,1.64,3.33,78.08,0.96,2.51,2046.310764
434,17.13,1.79,3.04,26.11,0.9,1.73,2772.988706
435,19.18,1.69,3.47,33.43,0.98,2.04,4434.537082
436,15.19,1.16,3.22,54.43,0.41,1.75,3615.973482
437,9.97,0.92,3.05,50.79,0.06,1.44,1629.202452
438,17.2,1.47,3.21,4.5,1.93,2.21,2010.831552
439,14.71,1.31,2.23,53.86,1.76,2.18,3612.309671
440,13.8,1.1,3.7,47.23,0.47,1.95,3051.075402
441,13.67,1.3,3.09,80.77,1.19,2.2,1561.480792
442,12.52,0.92,3.94,54.23,0.48,2.31,2500.339259
443,17.39,1.28,2.07,56.25,1.69,1.93,4887.005486
444,17.91,1.73,1.73,60.67,1.85,2.17,4781.944181
445,12.07,0.58,3.25,29.95,1.12,1.95,1612.218834
446,14.54,1.48,3.56,37.59,0.61,1.89,2875.900696
447,11.47,1.18,2.5,62.05,0.9,1.71,1860.248146
448,16.42,1.51,2.33,45.27,1.37,1.71,4396.126441
449,14.63,1.14,3.75,52.11,1.01,2.47,3506.812641
450,17.24,1.85,2.47,45.24,0.86,1.45,4785.642576
451,17.65,1.78,3.8,53.36,0.8,2.39,5083.897537
452,18.35,1.84,3.27,44.77,1.29,2.46,5530.33156
453,11.43,0.96,2.8,47.43,0.22,1.43,2116.751595
454,7.81,0.83,3.83,71.55,0.07,2.26,526.0453819
455,9.97,1.09,3.71,53.32,0.71,2.12,1656.233648
456,13.23,0.89,2.89,81.81,0.71,1.85,1433.737893
457,16.8,1.22,2.51,52.01,1.04,1.98,4633.211668
458,15.55,1.62,3.26,52.56,1.86,2.62,4110.586538
459,16.56,1.64,3.67,22.73,1.04,1.91,2374.890952
460,16.02,1.36,2.44,42.28,1.08,1.75,3933.5134
461,17.16,1.58,3.13,71.88,1.56,2.67,3006.859695
462,10.69,1.2,3.21,42.76,0.32,1.72,1773.165096
463,14.6,1.31,3.16,33.77,0.72,2,2596.029558
464,17.78,1.9,2.75,37.07,1.38,2,4347.789792
465,16.42,1.97,3.21,40.28,1.09,2.16,3994.496455
466,16.5,1.9,2.91,49.27,0.59,1.61,4451.451343
467,18.69,1.8,2.85,32.73,1.77,2.04,4214.589812
468,16.77,1.25,3.2,53.3,1.08,2.27,4584.330551
469,13.47,1.18,2.99,84.73,1.19,2.17,1430.426168
470,15.79,1.69,3.02,41.52,1.01,2.09,3773.430921
471,14.16,1.67,3.41,55.03,0.61,2.13,3181.697411
472,11.32,0.84,2.67,52.78,1.18,1.92,2150.437759
473,21.91,2.58,2.76,51.16,0.82,2.03,8639.1198
474,17.53,1.6,2.38,68.05,1.21,2.12,3535.14186
475,19.93,1.65,3.31,29.77,1.4,2.54,4244.83985
476,11.51,0.74,2.56,66.73,0.95,1.87,1624.980674
477,17.09,1.81,2.3,23.67,0.84,1.27,2567.235174
478,17.17,1.46,2.18,18.67,1.48,1.92,2314.685375
479,15.45,1.66,3.4,63.84,1.34,2.42,3185.090716
480,15.57,1.7,2.7,40.5,1.16,1.84,3608.244285
481,17.08,1.42,2.51,43.09,1.67,2.26,4662.161339
482,19.04,1.93,2.72,36.45,1.45,2.24,4932.968954
483,9.54,0.9,3.25,58.89,0.8,1.96,1387.577241
484,15.43,1.71,3.16,37.46,1.19,2.17,3284.088316
485,12.2,1.38,3.23,40.15,0.13,1.47,2153.876099
486,19.22,2.28,2.35,59.32,2.21,2.44,5918.098666
487,16.52,1.45,2.61,87.6,0.9,2.1,1983.504301
488,14.36,1.66,3.6,40.41,0.5,1.94,3004.440321
489,14.15,1.59,3.4,27.24,0.61,1.8,2006.313226
490,19.49,1.76,2.98,45.4,0.99,1.87,6283.339958
491,18.37,1.61,2.25,34.78,1.34,1.83,4292.790287
492,9.57,1.02,3.44,59.36,0.53,2.14,1369.443104
493,15.72,1.87,3,17.33,1.06,1.82,1940.289701
494,13,1.42,3.03,64.91,0.62,2.01,2165.249109
495,17.75,1.74,2.35,65.85,1.26,1.86,3919.876706
496,14.39,1.15,3.2,26.95,1.35,2.21,2075.439825
497,21.15,1.82,2.27,34.28,1.8,2.13,5828.175524
498,14.44,1.39,3.25,36.68,0.92,1.89,2793.098797
499,16.5,1.71,3.12,44.53,0.92,2.02,4330.528331
500,18.62,1.69,3.3,48.44,1.44,2.38,5929.474317
501,12.91,0.86,2.84,52.21,0.95,2,2740.943292
502,12.15,1.27,3.4,63.72,0.9,2.09,1984.731335
503,13.25,1.32,2.84,58.49,0.61,1.89,2636.873889
504,11.37,1.01,3.74,42.46,0.74,2.05,2011.532036
505,15.39,1.15,2.87,46.99,1.51,2.28,3927.308195
506,18.16,2.17,2.83,89.85,2.01,2.7,2276.11949
507,17.6,1.71,3.08,35.66,1.8,2.38,4122.261592
508,21.77,2.19,2.4,41.63,2,2.37,8046.7512
509,13.87,0.91,3.25,42.45,1.3,2.42,2987.258133
510,18.76,2.26,2.93,49.99,1.27,2.33,6067.744139
511,18.02,1.39,1.76,43.8,1.23,1.44,5186.465376
512,18.18,1.86,1.59,33.9,1.63,1.27,4135.620198
513,10.25,0.89,4.2,88.16,0.73,2.9,768.8209641
514,19.12,2.03,0.96,58.54,1.58,1.75,5777.284668
515,11.03,1,4.27,59.3,0.1,1.94,1787.098815
516,18.83,1.64,2.34,42.84,2.12,2.07,5850.014651
517,15.07,1.81,3.51,60.86,1.04,2.21,3268.997452
518,14.61,1.19,2.92,55.23,1.05,2.05,3405.67555
519,21.99,2.1,1.87,46.89,2.23,2.15,9139.572387
520,16.72,1.14,2.05,40.65,1.39,1.66,4174.502148
521,17.48,1.64,2.49,55.58,1.29,1.8,4940.006157
522,14.24,1.06,3.5,45.14,1.03,2.31,3245.470168
523,10.62,0.9,4.03,41.25,-0.13,1.87,1664.951975
524,16,1.44,3.14,54.15,0.62,1.9,4071.174935
525,13,1.06,3.33,67.52,0.84,2.18,2007.134728
526,19.18,1.75,2.44,55.4,1.22,2.07,6052.800652
527,12.82,0.94,3.57,64.33,1.34,2.68,2181.065669
528,17.39,1.84,3.07,51.15,1.04,1.87,5048.028851
529,15.73,1.49,3.28,46.89,0.92,2.03,4025.18011
530,16.95,1.9,2.52,17.4,1.23,1.58,2211.534854
531,18.3,1.59,2.2,43.96,1.37,1.75,5422.642128
532,12.94,0.91,2.21,19.34,1.35,1.47,1409.539132
533,16.72,1.57,3.07,38.34,1.44,2.19,3970.53147
534,17.96,1.78,3.53,67.18,0.85,2.27,3787.44382
535,14.03,1.44,3.47,45.51,0.46,1.99,3117.71779
536,15.05,1.22,2.06,46.99,1.15,1.45,3708.067412
537,11.39,1.06,2.56,36.09,0.95,1.74,1739.890751
538,13.3,1.5,3.79,64.39,1.26,2.79,2346.52352
539,18.81,1.99,3.48,38.79,1.67,2.3,5219.02748
540,12.59,0.57,3.22,66.84,0.9,2.08,1920.021898
541,9.78,0.84,3.52,51.95,1.01,2.34,1625.836438
542,14.82,1.69,3.11,43.1,1.13,2.09,3449.841042
543,15.6,1.36,1.87,45.59,1.81,1.85,4041.208495
544,16.5,2.16,3.33,43.94,0.9,2.01,4320.096708
545,14.73,1.15,3.62,61.13,1.3,2.52,3108.067948
546,15.75,1.33,3.25,66.65,1.6,2.59,3041.047068
547,16.89,1.74,2.46,55.46,1.52,1.96,4659.832916
548,13.87,1.39,3.43,47.39,1.37,2.4,3211.375263
549,15.22,1.54,3.58,45.55,1.45,2.56,3801.688571
550,18.56,1.75,2.72,57.59,1.54,2.14,5487.047047
551,16.6,1.4,2.09,22.24,1.05,1.27,2351.39007
552,18.56,1.88,3.06,21.9,1.32,2.12,2851.942632
553,13.93,1.02,2.92,45.72,0.64,1.78,3081.390547
554,12.2,1.27,3.72,29.12,0.77,1.98,1600.406528
555,8.23,0.46,3.38,72.33,0.23,2,599.1493997
556,17.83,1.77,2.55,41.57,0.92,1.58,4827.112279
557,17.42,1.88,2.15,45.7,0.69,1.33,4880.914279
558,17.97,1.61,2.31,45.26,1.73,1.91,5400.661727
559,16.35,1.59,2.9,45.79,1.86,2.13,4481.579504
560,16.03,1.65,2.57,45.43,0.94,1.61,4135.544162
561,18.41,1.64,3,69.27,0.61,2.08,3665.403235
562,14.6,1.58,2.07,47.5,0.92,1.38,3496.312091
563,20.86,1.94,2.7,50.54,1.98,2.35,7989.238954
564,18.56,1.45,2.63,56.4,1.71,2.32,5629.490786
565,11.49,0.86,3.17,68.32,0.39,1.96,1519.072361
566,14.46,1.69,3.72,54.51,1.09,2.38,3398.004397
567,18.36,2.02,2.44,83.69,0.84,1.98,2473.014697
568,13.73,1.68,3.24,42.16,1.15,2.11,2930.766122
569,14.42,1.13,2.61,72.39,1.04,2.02,2109.689864
570,13.51,0.77,2.79,82.46,1.04,2.31,1479.147126
571,18.07,1.77,2.27,58.85,1.56,2.04,5046.552868
572,14.29,1.45,3,62.35,0.78,1.87,2799.315937
573,10.84,1.24,3.67,45.37,0.17,1.97,1883.573872
574,13.37,1.01,3.19,58.63,0.47,1.78,2647.999011
575,13.29,1.26,2.36,70.88,1.13,1.87,1901.584638
576,12.9,1.42,2.52,56.38,0.59,1.6,2604.219197
577,15.02,1.85,3.3,43.92,1.05,1.86,3584.55176
578,14.99,1.36,2.03,67.8,1.92,2.14,2690.372925
579,14.06,1.13,1.97,61.96,1.87,1.97,2835.247888
580,9.9,0.99,3.19,61.65,0.68,1.8,1391.785941
581,11.29,1.22,3.49,41.69,0.56,1.84,1945.703688
582,16.25,1.97,2.89,39.06,1.15,1.94,3806.26163
583,18.56,1.81,1.88,44.93,1.21,1.61,5660.466313
584,15.63,1.31,3.09,56.59,0.98,2.17,3802.262372
585,12.97,1.23,3.28,54.14,0.74,2.05,2716.964827
586,16.21,1.43,1.9,39.67,0.99,1.3,3793.239111
587,10.26,0.78,3.53,57.02,0.27,1.88,1628.431578
588,14.28,1.59,2.58,47.86,1.31,1.91,3408.721127
589,10.97,0.97,3.55,43.24,0.63,1.85,1895.036038
590,12.59,1.21,2.62,46.11,0.67,1.59,2565.176828
591,10.48,0.75,3.22,72.9,0.33,2.1,1087.504132
592,9.57,1.32,3.34,89.45,-0.1,1.59,633.3325945
593,12.07,1.22,3.22,55.39,0.36,1.5,2302.002443
594,17.54,1.67,3.61,44.34,0.94,2.23,4899.478912
595,17.3,1.53,2.69,38.81,1.36,1.85,4295.076696
596,14.2,1.08,3.36,44.54,0.9,1.76,3189.503108
597,11,1.2,2.87,39.57,0.54,1.5,1764.608941
598,14.35,0.87,2.51,47.26,0.71,1.64,3309.34791
599,17.47,1.6,1.99,57.75,1.12,1.74,4713.35252
600,16.48,1.84,2.47,56.75,1.12,1.85,4279.010164
601,16.1,1.1,2.39,22.59,0.69,1.4,2232.526696
602,17.6,1.81,1.72,28.58,1.31,1.4,3190.156723
603,15.68,1.71,2.86,35.98,1.09,1.79,3236.939666
604,16.84,1.63,2.85,46.1,1.12,1.83,4633.024705
605,17.78,1.46,2.87,57.39,1.45,2.17,4982.971247
606,14.06,1.23,3.18,45.74,0.94,2.02,3187.788232
607,12.26,1.45,2.48,39.67,0.98,1.6,2221.871961
608,16.57,1.12,3.2,33.51,1.21,1.81,3319.270133
609,12.16,1.02,3.77,66.9,0.27,1.92,1771.55525
610,10.88,1.07,3.93,41.07,0.07,1.86,1753.557565
611,20.3,2.09,3.27,55.69,1.34,2.38,6945.851338
612,15.5,1.44,2.61,47.46,1.3,2.07,3978.938289
613,11.38,1.49,4.13,80.25,0.4,2.24,1088.45793
614,16.89,1.74,2.63,56.17,2.07,2.55,4715.767666
615,17.62,1.4,3.06,32.59,1.38,1.98,3661.079717
616,17.83,1.39,3.01,55.1,1.15,2.13,5138.568321
617,17.66,1.85,2.46,59.14,0.98,1.84,4671.813558
618,21.09,2.54,2.22,26.51,1.53,1.52,4249.492016
619,18.94,1.74,3.3,55.69,1.49,2.57,5928.543147
620,21.28,2.54,2.32,52.59,1.85,2.14,8357.244038
621,17.14,1.41,2.9,71.6,0.91,2.16,2975.80644
622,13.35,1.16,2.94,72.1,0.93,2.39,1840.363296
623,19.32,1.84,2.55,56.11,1.38,2.01,6137.061735
624,10.04,1.13,2.7,39.6,0.76,1.6,1485.753881
625,15.47,1.65,3.22,47.9,1.04,2.13,3949.393743
626,13.1,1.05,3.82,58.09,0.99,2.59,2625.618619
627,20.51,2.02,2.96,46.94,0.99,1.88,7235.410026
628,16.05,1.53,4.16,45.34,0.69,2.42,4090.091482
629,17.06,1.63,2.5,52.98,1.34,2,4846.694597
630,14,1.7,2.54,71.48,1,1.98,2060.920562
631,14.78,1.42,2.75,28.33,1.22,1.8,2273.365329
632,14.07,1.55,3.44,34.5,0.43,1.7,2462.997765
633,12.57,0.95,3.08,49.94,1.41,2.28,2673.242823
634,17.69,1.79,2.38,71.46,1.08,1.91,3195.341555
635,8.75,0.73,3.96,66.77,0.03,2.12,874.0541857
636,18.39,1.79,3.08,30.24,1.41,1.72,3685.847763
637,11.44,1.06,3.3,66.54,0.37,1.88,1592.866748
638,18.14,1.86,2.8,65.18,0.91,2.15,4144.62414
639,18.64,1.89,2.04,56.08,1.88,2.09,5801.700844
640,12.35,1.18,3,58.71,1,1.8,2326.50925
641,15.06,1.45,3.42,78.96,0.77,2.36,1921.430224
642,14.36,1.5,3.35,46.35,0.91,1.98,3346.189437
643,17.64,1.52,2.76,47.39,0.88,1.67,5107.453153
644,21.35,1.7,1.8,9.46,2.03,1.91,2896.817855
645,15.17,1.58,3.13,56.96,0.88,1.84,3565.535949
646,12.62,0.94,2.82,50.28,1.01,2.02,2654.496332
647,18.86,1.5,2.18,18.02,1.56,1.81,2676.307192
648,17.63,1.64,2.64,65.55,1.72,2.34,3960.867905
649,13.45,1.25,2.65,28.2,1.41,2.05,1904.815809
650,14.02,1.16,3.43,77.02,0.63,2.32,1757.331295
651,13.88,1.17,3.36,42.04,0.83,2.14,2924.66399
652,8.63,0.75,3.71,54.15,0.41,2.06,1206.777782
653,11.67,1.28,3.15,56.77,0.86,2.14,2160.368428
654,15.05,1.41,2.84,46.75,1.08,1.81,3700.233058
655,11.2,0.85,3.95,52.4,-0.13,1.64,2005.407091
656,13.55,1.11,4.17,45.58,0.19,2.14,2874.29477
657,9.9,1.09,3.74,89.51,0.19,2.31,694.7171134
658,17.08,2.09,3.62,44.51,0.77,2.24,4649.28574
659,19.09,1.92,2.45,49.6,1.67,2.07,6386.93995
660,21.74,2.43,2.5,19.05,2.06,2.18,3524.052122
661,14.88,1.33,3.05,81.48,0.41,1.79,1784.918043
662,19.02,2.07,3.08,30.56,1.33,2.12,3989.238695
663,7.98,0.42,4.11,50.13,0.47,2.19,1041.362825
664,18.78,1.79,2.89,51.55,1.6,2.45,6098.755355
665,17.35,1.34,1.48,51.45,1.1,1.42,4991.335985
666,16.76,1.55,2.16,23.75,1.42,1.48,2505.22599
667,18.65,2.02,2.92,65.65,1.11,2.03,4354.355561
668,16.63,1.41,2.83,39.39,1.55,2.32,4048.166421
669,9.98,0.93,4.11,66.51,0.17,2.5,1196.963456
670,15.44,1.73,2.61,65.58,1.16,2.02,3002.869455
671,8.81,0.57,3.4,52.81,0.71,2.21,1288.885583
672,16.8,1.77,3.24,71.1,1.17,2.31,2942.49284
673,16.78,1.5,2.19,59.16,0.82,1.37,4156.411722
674,15.64,1.36,3.53,30.61,0.86,2.17,2687.883864
675,17.51,1.61,3.08,37.76,1.37,2.11,4278.246308
676,18.61,1.93,2.74,29.42,1.67,2.03,3692.779527
677,15.78,1.09,2.34,41.26,0.89,1.53,3697.027078
678,15.69,1.39,3.04,54.42,0.43,1.66,3870.603716
679,14.84,1.46,3.18,20.53,1.55,2.24,1868.790677
680,13.76,1.27,3.34,77.22,0.14,2.11,1679.558243
681,11.31,0.99,3.52,39.01,0.26,1.74,1815.461843
682,11.3,1.01,3.31,62.95,0.32,1.87,1724.727106
683,16.5,1.65,3.62,46.19,0.63,2.04,4364.525035
684,15.8,1.62,2.4,58.3,1.15,2.01,3806.73477
685,10.27,0.83,3.83,82.07,0.75,2.62,834.8906453
686,18.44,2.07,3.03,55.3,1.1,2.04,5560.985647
687,10.63,0.9,2.66,41.15,1.1,2,1741.152445
688,16.54,1.53,2.59,33.36,0.55,1.35,3241.616668
689,16.46,1.39,3.33,47.48,1.46,2.4,4521.757242
690,17.86,1.8,2.78,45.33,1.3,1.91,5251.697102
691,16.93,1.79,3.46,35.32,1.6,2.47,3751.008083
692,11.21,0.75,4.49,54.1,0.1,2.25,1998.758498
693,15.33,1.27,3.35,37.27,1.12,2.04,3200.644714
694,16.4,1.48,2.91,27.17,1.07,1.87,2648.784809
695,9.24,1.28,4.52,20.91,0.86,2.58,679.6722677
696,22.5,2.56,2.62,33.25,1.5,1.91,6455.579234
697,20.42,2.02,1.52,38.21,1.86,1.67,6204.044188
698,12.83,1.28,3.16,64.39,0.4,1.95,2125.376305
699,10.54,0.97,3.23,54.86,0.33,1.69,1783.489508
700,15.33,1.12,2.56,38.38,1.1,1.73,3288.706702
701,15.51,1.11,3.09,66.09,1.5,2.5,2989.861123
702,13.48,1.03,2.48,26.23,1.1,1.47,1790.301628
703,13.41,1.13,4.12,46.12,0.62,2.5,2881.051124
704,14.87,1.39,3.7,67.69,0.91,2.62,2584.332677
705,19.73,1.85,2.5,41.01,1.62,1.93,6129.011085
706,9.85,0.67,2.32,46.08,1.06,1.87,1620.913205
707,16.99,1.96,2.86,21.86,0.88,1.63,2428.541378
708,14.06,1.06,2.53,3.03,0.41,1.03,1439.596396
709,15.69,1.63,3.21,45.22,1.46,2.5,4031.34545
710,17.12,1.49,2.36,45.12,1.55,2.13,4818.493177
711,16.79,1.57,2.82,20.46,1.18,1.83,2307.896506
712,24.65,2.34,1.33,46.77,2.23,1.78,12568.64413
713,20.15,1.94,3.05,44.65,1.31,2.39,6833.752731
714,16.16,1.77,3.23,41.04,1.13,2.21,3933.33103
715,10.96,1.19,3.03,63.11,0.35,1.81,1621.11947
716,14.21,1.33,2.84,85.7,0.86,2.27,1557.8531
717,16.48,1.52,2.87,60.62,1.76,2.26,4011.70096
718,13.38,0.96,2.52,35.86,1.24,1.72,2370.958907
719,19.64,1.9,2.36,38.95,2.56,2.57,5968.998969
720,21.91,1.98,1.83,56,1.71,1.76,8452.290323
721,14.78,1.28,2.77,21.9,1.04,1.71,1897.111026
722,18.31,1.74,1.51,25.29,1.87,1.52,3110.553745
723,12.98,0.99,2.27,41.88,0.48,1.39,2529.961182
724,12.38,0.74,2.72,42.53,0.37,1.42,2322.735762
725,10.4,1.13,4.13,61.84,-0.13,1.9,1488.518023
726,12.06,1.59,4.47,57.01,0.14,2.25,2238.430563
727,5.79,0.76,4.06,56.46,-0.2,1.9,380.9220612
728,11.42,0.66,3.62,43.47,0.58,2.22,2037.969126
729,14.44,1.34,2.71,47.05,0.45,1.57,3334.664313
730,16.93,1.38,3.09,66.21,1.4,2.37,3525.506502
731,16.41,1.54,3.45,66.1,0.92,2.32,3285.595794
732,10.66,0.58,3.59,62.84,0.5,2.03,1541.707255
733,12.78,1.4,3.2,66.97,0.39,1.8,1958.981006
734,17.89,1.79,1.92,40.03,1.93,1.88,4880.045637
735,13.08,1.31,3.39,69.33,0.98,2.63,1930.942474
736,16.86,1.48,2.58,37.37,1.53,2.11,3935.051593
737,14.13,1.55,3.21,42.15,0.87,1.94,3058.072704
738,14.04,1.35,3.5,66.86,0.61,2.13,2359.106209
739,11.87,1.3,2.97,57.43,0.33,1.79,2161.194018
740,14.58,1.26,3.1,36.59,0.54,1.95,2798.649221
741,12.24,0.75,2.24,86.8,0.96,1.74,1159.513213
742,15.97,1.66,2.89,43.48,0.91,1.82,3984.844289
743,16.89,1.44,2.56,54.08,1.51,2.1,4716.78194
744,9.92,0.87,3.77,63.4,0.55,2.14,1318.801174
745,17.56,1.84,2.48,44.52,1.54,2.14,5067.970811
746,15.44,1.48,2.82,67.01,0.61,1.79,2813.645253
747,16.36,1.5,2.41,34.11,1.41,1.85,3340.529603
748,12.04,1.25,3.29,41.66,0.6,1.75,2203.178069
749,15.32,1.36,2.95,58.66,1.18,2.17,3546.849027
750,11.55,1.18,3.18,51.68,0.24,1.85,2178.198814
751,12.89,0.95,2.83,70.55,0.78,2.03,1793.907527
752,12.96,0.97,3.85,77.47,0.9,2.65,1503.135369
753,12.01,0.91,2.45,69.54,0.79,1.78,1614.489106
754,23.22,1.94,2.17,29.74,2.01,2.17,6025.263157
755,16.82,1.18,2.06,28.32,1.76,1.93,2917.952825
756,17.7,1.9,3.24,44.06,1.56,2.32,5121.342569
757,10.13,1.05,4,59.83,0.46,2.27,1514.868606
758,13.43,0.97,3.11,58.95,1.37,2.26,2740.228582
759,15.22,1.36,3.3,49.75,1.21,2.32,3854.563527
760,16.2,1.87,3.34,55.97,1.2,2.25,4200.70307
761,14.64,1.12,2.81,66.78,1.32,2.19,2604.644175
762,12.81,1.43,3.34,53.75,0.33,1.74,2627.734535
763,14.92,1.49,3.04,55.51,0.81,1.92,3514.325391
764,16.69,1.55,3.57,38.17,0.65,2.15,3824.391821
765,14.78,1.63,3.61,60.05,0.87,2.21,3183.358322
766,15.81,1.21,3.18,46.15,1.48,2.38,4109.236424
767,12.11,0.79,2.55,62.09,0.56,1.69,2025.798305
768,12.65,1.55,2.77,27.03,1.1,1.74,1629.466613
769,13.61,0.9,2.69,55.54,1.53,2.17,3001.087798
770,12.99,1.09,4.61,54.67,0.26,2.6,2654.5412
771,18.77,1.97,3.24,57.19,1.85,2.59,5765.82318
772,12.22,1.02,3.67,56.59,0.43,1.97,2316.428178
773,15.32,1.51,3.95,50.51,0.26,2.11,3762.611861
774,12.31,1.29,2.95,81.97,0.48,2.21,1242.462406
775,12.68,1.76,3.11,78.63,0.48,1.91,1403.490103
776,14,1.44,3.18,28.62,0.83,1.76,2055.221043
777,21.67,1.9,2.55,61.78,2.01,2.34,7176.080525
778,12.08,1.11,3.51,49.13,0.62,2.01,2409.758263
779,13.12,1.32,3.64,52.05,0.74,1.97,2824.497105
780,13.67,1.27,3.58,57.42,0.23,2.06,2811.448986
781,14.56,1.4,2.66,40.56,1.3,1.77,3173.914089
782,16.38,1.86,3.01,49.55,1.06,1.99,4472.38662
783,14.36,1.42,2.51,71.95,1.36,2.11,2142.141073
784,15.49,1.21,3.19,38.37,0.97,2.06,3341.388568
785,16.63,1.28,2.9,55.67,1.53,2.28,4467.990964
786,23.31,2.27,2.72,17.93,2.04,2.19,3851.061769
787,13.12,1,2.97,59.58,1.03,2.19,2555.259136
788,12.87,1.1,3.3,51.38,0.64,1.94,2712.98037
789,12.87,1.09,3.08,66.3,0.7,1.91,2036.67033
790,15.91,1.32,2.22,50.17,1.85,2.04,4317.833284
791,12.11,1.16,3.69,47.38,0.83,2.3,2423.190751
792,14.28,1.28,3.71,61.42,0.89,2.36,2870.004014
793,11,0.78,3,55.27,1.34,2.15,1995.808305
794,16.28,1.38,2.52,61.78,0.77,1.57,3650.963289
795,12.53,0.92,2.94,38.53,0.54,1.5,2199.618414
796,13.94,1.07,3.05,31.66,1.33,1.99,2261.648095
797,10.14,1.06,3.63,57.88,0.25,2,1571.480581
798,12.02,1.06,3.09,43.69,0.28,1.43,2243.274616
799,7.71,0.67,2.89,51.53,1.55,2.32,1022.466225
800,12.08,1.07,2.8,81.4,1.16,2.31,1212.350789
801,12.38,1.26,3.22,46.17,0.89,1.88,2511.849384
802,14.02,0.95,4.01,72.8,0.89,2.72,1971.016852
803,17.67,1.91,2.63,39.81,1.08,1.88,4581.78963
804,17.52,1.52,3.18,10.94,1.51,1.9,2158.692795
805,14.53,1.57,2.69,53.6,0.94,1.67,3436.125608
806,13.49,1.28,2.93,63.71,0.8,1.85,2413.386818
807,11.58,1.11,3.25,53,0.69,1.93,2207.741732
808,12.52,1,2.43,65.77,0.95,1.98,1973.44624
809,13.25,1.37,3.71,66.2,1.14,2.65,2192.948232
810,15.04,1.48,2.22,61.11,1.08,1.77,3226.5506
811,16.19,1.84,2.29,49.1,1.53,1.86,4448.297256
812,16.82,1.69,2.8,66.65,1.17,1.98,3418.9196
813,17.39,1.6,2.55,56.43,1.87,2.19,4936.070164
814,13.83,1.66,2.51,66.22,0.18,1.64,2320.235312
815,11.34,1,3.43,58.03,0.57,2.15,1970.011883
816,19.55,2.13,3.08,35.49,1.34,1.95,5054.275381
817,15.58,1.3,2.53,29.43,1.35,1.88,2601.748274
818,14.73,1.61,3.03,67.42,0.9,1.98,2565.984591
819,12.47,0.93,3.54,48.82,0.9,2.54,2575.5178
820,18.08,1.74,2.38,53.56,1.26,2.09,5444.727993
821,16.32,1.4,2.41,46.78,1.21,1.72,4373.610868
822,12.62,0.87,2.38,15.68,1,1.48,1265.827615
823,10.03,0.63,3.29,37.74,0.38,1.7,1380.663083
824,18.66,1.68,1.39,53.35,1.77,1.71,5974.149917
825,7.27,0.7,3.41,54.56,-0.04,1.68,796.0812692
826,15.78,1.61,2.55,52.64,1.37,2.04,4146.942297
827,15.73,1.86,3.74,31.9,1.1,2.15,2867.789677
828,12.38,0.78,4.09,31.4,0.72,2.07,1755.384393
829,12.89,0.88,2.9,51.24,0.81,1.97,2729.010296
830,18.48,1.78,2.85,46.89,1.45,2.45,5788.720288
831,14.74,1.13,2.45,36.86,0.92,1.59,2907.234512
832,12.55,1.17,3.43,56.93,0.79,2.27,2460.349804
833,13.58,0.87,2.95,52.16,1.13,2.2,3039.997949
834,11.76,1.08,4.18,61.21,0.43,2.45,1957.407903
835,11.98,1.3,3.17,27.12,0.54,1.69,1449.084724
836,13.56,1.14,3.59,42.96,0.48,1.93,2809.352176
837,16.55,1.74,2.28,63.39,1.33,1.96,3694.603404
838,15.22,1.3,3.52,42.24,1.14,2.26,3554.515864
839,14.54,1.3,2.04,66.27,0.87,1.64,2583.907557
840,14.37,1.78,2.98,47.62,0.97,1.87,3412.402086
841,15.4,1.36,2.86,46.29,1.01,1.99,3840.599975
842,10.14,1.33,4.26,61.89,-0.19,1.97,1413.620217
843,11.09,0.94,3.16,29.62,0.83,1.96,1342.601941
844,18.37,1.78,2.56,44.22,2.07,2.34,5679.878477
845,14.71,1.47,2.39,26.33,0.66,1.15,2099.312813
846,9.29,0.51,2.82,63.86,0.3,1.6,1114.451693
847,11.85,1.24,3.26,24.76,0.08,1.38,1317.1592
848,18.59,1.63,2.91,49.2,1,1.9,5806.890469
849,18.18,1.48,3.27,45.48,1.24,2.25,5424.18035
850,18.72,1.75,2.57,44.74,1.59,1.96,5839.000479
851,20.96,2.22,2.45,33.84,1.53,1.84,5593.294614
852,15.31,1.21,2.76,55.2,0.8,1.97,3697.804172
853,11.98,1.01,4.63,60.31,0.76,2.87,2094.27841
854,18.16,1.96,2.12,41.55,1.97,1.97,5251.581867
855,13.61,1.26,2.75,55.04,0.76,1.74,2948.217612
856,13.67,1.14,2.89,28.69,0.62,1.73,1955.144547
857,15.21,1.41,3.11,32.37,0.78,1.81,2694.863935
858,16.1,1.18,2.16,26.77,1.09,1.29,2523.285604
859,13,1.54,3.1,64.54,0.2,1.71,2166.195672
860,18.32,1.74,3.1,57.18,1.3,2.48,5326.996914
861,14.96,0.77,2.25,34.65,1.07,1.67,2804.214844
862,18.21,1.74,3.34,51.06,1.12,2.28,5587.084944
863,15.07,1.69,3.04,39.39,1.07,2.17,3289.272876
864,17.75,1.54,2.72,59.32,1.67,2.35,4808.394177
865,15.77,1.95,4.1,44.54,0.04,1.97,3832.696685
866,14.19,1.19,2.69,28.7,1.22,1.83,2127.658255
867,13.8,1.19,3.15,46.08,1.28,2.07,3126.082803
868,14.84,1.38,3.43,48.8,1.04,2.11,3636.582165
869,12.54,1.25,3.59,58.03,0.47,2.03,2381.842084
870,10.13,0.87,3.49,63.79,0.16,1.93,1343.686958
871,14.17,1.37,2.92,59.3,0.91,1.91,2978.227381
872,14.85,1.61,3.63,44.93,0.72,2.05,3498.365363
873,16.62,1.53,2.31,31.41,1.1,1.54,3122.566283
874,17.85,1.76,2.96,59.16,0.48,1.74,4677.224979
875,18.73,2.01,2.88,53.39,1.42,2.14,5965.980506
876,17.2,1.85,2.26,48.84,1.47,1.9,5028.930637
877,10.49,0.48,3.77,52.31,0.46,2.37,1802.174742
878,13.53,1.51,2.31,67.51,0.8,1.67,2172.712293
879,18.04,1.36,2.47,57.53,1.15,2.01,5050.979704
880,14.97,1.01,2.87,54.85,1.17,2.2,3592.257683
881,16.18,1.39,3.04,41.4,1.22,2.01,3965.424366
882,15.07,1.22,3.39,56.7,0.38,1.88,3446.462203
883,13.69,1.35,3.51,69.53,0.6,2.04,2074.269992
884,10.15,0.54,2.97,40.51,0.59,1.76,1528.995608
885,13.45,0.92,3.25,58.3,1.04,2.33,2748.098914
886,15.94,1.34,3.81,37.13,1.36,2.43,3469.266462
887,14.88,1.57,3.3,63.31,0.95,2.03,2966.564711
888,11.12,0.63,3.09,58.97,0.52,1.85,1845.440014
889,13.5,0.98,3.94,36.68,1.17,2.6,2462.616011
890,13.72,1.39,3.41,40.24,0.84,2.18,2765.402156
891,7.38,0.63,2.54,42.24,0.38,1.28,788.617779
892,20.21,2.12,2.5,23.78,1.47,1.82,3531.791298
893,10.69,0.98,3.49,84.33,0.39,1.97,885.8885137
894,15.75,1.28,2.82,70.68,0.95,2.04,2616.969235
895,17.96,1.45,2.87,49.41,0.92,2.01,5355.257212
896,16.95,1.42,2.3,61.43,1.47,2.05,4104.419065
897,19.73,2.06,2.63,49.91,1.59,2.11,6881.971021
898,11.91,1.5,2.27,47.38,0.84,1.57,2364.542903
899,15.53,1.69,2.64,64.49,1.55,2.1,3176.826776
900,14.44,1.07,2.34,68.76,0.98,1.97,2361.856825
901,13.37,1.54,3.04,52.23,0.86,1.72,2947.534905
902,10.5,1.17,3.69,61.09,0.45,2.17,1580.097971
903,18.9,1.52,2.65,18.63,1.06,1.54,2707.893272
904,17.89,1.44,1.86,34.13,1.75,1.62,4028.532177
905,15.32,1.31,3.29,55.99,1.35,2.42,3745.827788
906,13.48,0.96,2.93,55.3,0.5,1.7,2845.570188
907,17.17,1.34,2.35,38.08,1.43,1.97,4143.731482
908,20.86,1.84,2.53,40.57,2.08,2.43,7031.206747
909,15.19,1.62,3.11,57.97,1.15,2.16,3545.24288
910,14.95,1.19,2.69,75.73,0.58,1.8,2037.093911
911,12.1,1.63,3.97,63.24,0.38,1.93,1972.911835
912,18.24,1.46,2.85,44.53,1.39,2.06,5424.388755
913,19.86,1.92,2.77,45.44,1.33,2.08,6685.428318
914,19.54,1.78,3.23,37.4,0.82,1.8,5242.618273
915,18.37,1.6,2.45,42.26,1.4,2.06,5309.037562
916,12.89,1.45,4.09,66.21,0.81,2.77,2062.386607
917,15.2,1.25,3.2,42.63,1.52,2.23,3623.336642
918,12.23,0.87,3.02,40.67,1.02,1.84,2243.89142
919,17.88,1.72,3.2,49.61,1.23,2.37,5402.016818
920,15.79,1.44,3.01,63.24,0.48,2.07,3274.652106
921,12.38,0.91,2.63,33.48,1.17,1.73,1899.956439
922,18.98,2.28,2.69,46.4,1.11,1.67,6073.458997
923,13.76,1.35,3.46,52.36,0.5,1.89,3060.192169
924,23.55,2.11,1.28,14.24,2.18,1.24,3595.281124
925,14.86,1.36,2.64,60.5,1.33,1.95,3222.759873
926,16.43,1.79,2.62,35.5,1.13,1.72,3501.940544
927,15.86,1.08,2.74,51.49,1.62,2.15,4221.20049
928,12.98,1.66,3.25,60.51,0.93,1.98,2466.07233
929,17.21,1.53,2.79,20.12,1.52,1.93,2398.584094
930,15.34,1.12,2.11,50.65,1.17,1.71,3890.146923
931,17.57,1.49,2.3,44.57,1.46,1.98,5027.492686
932,10.74,0.54,3.33,62.94,0.31,1.89,1549.588719
933,18.79,1.5,3.57,35.74,0.93,2.3,4573.994008
934,12.83,0.99,3.67,17.2,0.61,2.01,1331.41267
935,15.35,1.54,3.07,26.63,1.53,2.05,2329.67837
936,14.88,1.64,3.47,51.29,0.38,1.77,3574.763592
937,14.69,1.29,2.39,62.93,1.04,1.93,2922.944077
938,7.77,0.39,2.8,40.24,0.37,1.43,840.7365529
939,15.87,1.92,3.2,32.82,0.58,1.64,2963.016931
940,18.75,1.64,1.45,58.05,1.37,1.55,5509.485086
941,15.63,1.54,2.85,40.83,0.84,1.7,3609.630192
942,18.06,2.08,2.6,56.29,1.64,2.18,5354.093873
943,12.05,0.86,3.21,42.36,0.5,1.77,2215.664074
944,14.44,1.51,2.81,65.32,1.16,1.93,2658.364362
945,16.69,1.62,3.44,36.22,1.48,2.52,3728.731491
946,15.8,1,3.29,42.13,0.43,1.97,3700.587971
947,16.84,1.63,3.16,60.43,1.6,2.6,4192.325167
948,13.46,1.52,3.04,56.59,0.1,1.53,2765.79439
949,14.63,1.96,3.02,21.47,1.26,1.79,1856.232142
950,12.2,1.07,3.36,28.87,0.82,1.69,1587.171079
951,10.5,0.94,3.11,54.54,0.45,1.82,1785.586899
952,18.68,1.82,2.5,43.35,1.66,1.87,5707.352361
953,16.88,1.89,2.45,65.82,0.63,1.5,3487.54668
954,15.42,1.4,2.8,18.98,1.5,1.93,1936.565666
955,13.01,1.28,2.38,50.41,0.48,1.55,2766.792384
956,17.92,1.68,2.3,57.84,1.33,1.92,5013.235054
957,15.97,1.16,2.63,52.55,1.41,2.09,4224.349487
958,13.32,1.16,2.45,57.86,1.05,1.74,2732.942943
959,18.1,2.26,3.34,56.09,1.02,2.15,5270.088292
960,16.21,1.39,2.77,59.83,1.21,2.32,3867.55176
961,18,1.72,1.71,28.46,1.74,1.49,3345.508857
962,17.86,1.94,2.5,26.22,0.28,0.93,2968.998904
963,11.6,0.55,2.18,53.54,0.6,1.5,2178.704534
964,17.98,1.45,2.94,25.17,0.9,1.86,2934.013391
965,16.61,1.25,1.83,60.13,1.54,1.86,4072.559908
966,19.06,2.25,3.2,55.53,1.57,2.39,6100.529319
967,12.83,1.27,3.15,29.87,1.09,2.09,1820.512171
968,18.96,1.76,2.17,29.28,1.58,1.95,3797.618039
969,11.71,0.63,4.01,44.03,0.04,1.84,2112.52908
970,11.91,1.69,3.83,28.94,0.38,1.78,1512.093071
971,17.44,1.74,3.44,57.33,1.33,2.38,4786.408652
972,10.95,0.8,3.67,47.06,0.12,1.93,1933.696874
973,12.94,0.97,2.88,38.29,1.25,1.94,2381.628388
974,15.72,1.33,2.51,35.09,1.42,1.95,3184.273987
975,14.02,1.5,3.01,62.59,1.04,2.16,2708.108099
976,14.49,1.58,3,22.54,1.08,1.99,1862.494466
977,11.8,1.07,3.64,35.35,0.35,1.76,1791.702032
978,19.29,1.61,2.82,58.56,1.23,1.97,5760.404181
979,7.22,0.35,3.6,63.09,-0.03,1.67,602.4736624
980,15.7,1.1,3.41,46.86,0.14,1.93,3857.10884
981,14.48,1.34,3.56,47.44,0.67,2.11,3391.605108
982,9.88,1,3.64,55.19,0.52,2.16,1577.609519
983,18.8,1.8,3.23,74.07,1.66,2.54,3321.589769
984,18.07,1.33,2.89,28.67,1.52,2.1,3364.679104
985,15.68,1.68,3.77,57.85,0.72,2.35,3727.178232
986,15.28,1.25,2.29,34.78,1.28,1.61,2969.862815
987,10.88,1.2,4.09,55.09,0.81,2.4,1932.542954
988,16.14,1.62,3.16,38.03,0.97,2.05,3610.908202
989,16.12,1.41,2.42,35.84,1.48,1.84,3430.506277
990,13.52,1.35,3.45,31.57,1.51,2.22,2145.087309
991,6.55,0.12,4.13,56.69,0.28,2.1,577.8070203
992,20.37,1.9,2.37,37.76,1.4,1.99,5959.956767
993,12.92,1.36,3.68,71.4,0.11,1.91,1736.560688
994,17.13,1.79,2.88,51.45,1.77,2.28,5040.742478
995,11.95,1.14,2.97,67.18,0.8,2.06,1725.678908
996,17.99,2.29,3.38,44.32,0.98,2.08,5230.433447
997,12.12,0.82,3.52,57.07,-0.04,1.73,2216.536779
998,15.55,1.5,2.48,58.25,1.89,2.35,3793.873108
999,20.89,2.02,3.23,46.17,1.71,2.27,7754.889551
1000,15.74,1.31,2.37,73.08,1.24,2.06,2441.880802
1,12.08,2.92,2.8,81.4,1.16,2.31,1695.360819
2,12.38,3.53,3.22,46.17,0.89,1.88,3007.096063
3,14.02,2.59,4.01,72.8,0.89,2.72,2531.938259
4,17.67,6.75,2.63,39.81,1.08,1.88,5288.514854
5,17.52,4.57,3.18,10.94,1.51,1.9,2859.469624
6,14.53,4.81,2.69,53.6,0.94,1.67,4017.374438
7,13.49,3.6,2.93,63.71,0.8,1.85,2952.812773
8,11.58,3.03,3.25,53,0.69,1.93,2670.933846
9,12.52,2.72,2.43,65.77,0.95,1.98,2474.048178
10,13.25,3.94,3.71,66.2,1.14,2.65,2722.893266
11,15.04,4.39,2.22,61.11,1.08,1.77,3828.247174
12,16.19,6.3,2.29,49.1,1.53,1.86,5095.810104
13,16.82,5.42,2.8,66.65,1.17,1.98,4091.637316
14,17.39,4.95,2.55,56.43,1.87,2.19,5631.743856
15,13.83,5.26,2.51,66.22,0.18,1.64,2873.608798
16,11.34,2.72,3.43,58.03,0.57,2.15,2423.769381
17,19.55,8.41,3.08,35.49,1.34,1.95,5836.426637
18,15.58,3.67,2.53,29.43,1.35,1.88,3225.083588
19,14.73,5,3.03,67.42,0.9,1.98,3155.030659
20,12.47,2.53,3.54,48.82,0.9,2.54,3074.158402
21,18.08,5.7,2.38,53.56,1.26,2.09,6167.837326
22,16.32,4.06,2.41,46.78,1.21,1.72,5026.346076
23,12.62,2.39,2.38,15.68,1,1.48,1770.586346
24,10.03,1.88,3.29,37.74,0.38,1.7,1781.692901
25,18.66,5.37,1.39,53.35,1.77,1.71,6720.654413
26,7.27,2.01,3.41,54.56,-0.04,1.68,1087.058602
27,15.78,5,2.55,52.64,1.37,2.04,4778.082354
28,15.73,6.42,3.74,31.9,1.1,2.15,3497.054089
29,12.38,2.18,4.09,31.4,0.72,2.07,2250.406525
30,12.89,2.41,2.9,51.24,0.81,1.97,3244.507305
31,18.48,5.93,2.85,46.89,1.45,2.45,6527.986797
32,14.74,3.1,2.45,36.86,0.92,1.59,3496.723458
33,12.55,3.22,3.43,56.93,0.79,2.27,2962.390499
34,13.58,2.39,2.95,52.16,1.13,2.2,3583.292064
35,11.76,2.94,4.18,61.21,0.43,2.45,2427.658732
36,11.98,3.67,3.17,27.12,0.54,1.69,1928.277856
37,13.56,3.13,3.59,42.96,0.48,1.93,3351.917842
38,16.55,5.7,2.28,63.39,1.33,1.96,4356.575147
39,15.22,3.67,3.52,42.24,1.14,2.26,4163.132891
40,14.54,3.67,2.04,66.27,0.87,1.64,3165.456822
41,14.37,5.93,2.98,47.62,0.97,1.87,3987.338499
42,15.4,3.9,2.86,46.29,1.01,1.99,4456.421771
43,10.14,3.78,4.26,61.89,-0.19,1.97,1819.32951
44,11.09,2.56,3.16,29.62,0.83,1.96,1786.293005
45,18.37,5.93,2.56,44.22,2.07,2.34,6414.798704
46,14.71,4.35,2.39,26.33,0.66,1.15,2687.726662
47,9.29,1.67,2.82,63.86,0.3,1.6,1485.937828
48,11.85,3.46,3.26,24.76,0.08,1.38,1791.039317
49,18.59,5.1,2.91,49.2,1,1.9,6550.386315
50,18.18,4.39,3.27,45.48,1.24,2.25,6151.415394
51,18.72,5.75,2.57,44.74,1.59,1.96,6587.705576
52,20.96,9.21,2.45,33.84,1.53,1.84,6431.79272
53,15.31,3.35,2.76,55.2,0.8,1.97,4310.395172
54,11.98,2.75,4.63,60.31,0.76,2.87,2573.310641
55,18.16,7.1,2.12,41.55,1.97,1.97,5977.95625
56,13.61,3.53,2.75,55.04,0.76,1.74,3492.570837
57,13.67,3.13,2.89,28.69,0.62,1.73,2501.783899
58,15.21,4.1,3.11,32.37,0.78,1.81,3303.374424
59,16.1,3.25,2.16,26.77,1.09,1.29,3167.265025
60,13,4.66,3.1,64.54,0.2,1.71,2686.370349
61,18.32,5.7,3.1,57.18,1.3,2.48,6059.940751
62,14.96,2.16,2.25,34.65,1.07,1.67,3402.579086
63,18.21,5.7,3.34,51.06,1.12,2.28,6315.590413
64,15.07,5.42,3.04,39.39,1.07,2.17,3892.251843
65,17.75,4.66,2.72,59.32,1.67,2.35,5518.303436
66,15.77,7.03,4.1,44.54,0.04,1.97,4463.393776
67,14.19,3.29,2.69,28.7,1.22,1.83,2695.314206
68,13.8,3.29,3.15,46.08,1.28,2.07,3678.068113
69,14.84,3.97,3.43,48.8,1.04,2.11,4230.116305
70,12.54,3.49,3.59,58.03,0.47,2.03,2883.423358
71,10.13,2.39,3.49,63.79,0.16,1.93,1748.969453
72,14.17,3.94,2.92,59.3,0.91,1.91,3544.912776
73,14.85,5,3.63,44.93,0.72,2.05,4092.364769
74,16.62,4.62,2.31,31.41,1.1,1.54,3787.503242
75,17.85,5.81,2.96,59.16,0.48,1.74,5391.379987
76,18.73,7.46,2.88,53.39,1.42,2.14,6715.356698
77,17.2,6.36,2.26,48.84,1.47,1.9,5717.029936
78,10.49,1.62,3.77,52.31,0.46,2.37,2221.596264
79,13.53,4.53,2.31,67.51,0.8,1.67,2713.853649
80,18.04,3.9,2.47,57.53,1.15,2.01,5772.51098
81,14.97,2.75,2.87,54.85,1.17,2.2,4190.906321
82,16.18,4.01,3.04,41.4,1.22,2.01,4612.730948
83,15.07,3.39,3.39,56.7,0.38,1.88,4049.133206
84,13.69,3.86,3.51,69.53,0.6,2.04,2622.001003
85,10.15,1.72,2.97,40.51,0.59,1.76,1934.911796
86,13.45,2.51,3.25,58.3,1.04,2.33,3286.022718
87,15.94,3.82,3.81,37.13,1.36,2.43,4106.811499
88,14.88,4.81,3.3,63.31,0.95,2.03,3561.623164
89,11.12,1.88,3.09,58.97,0.52,1.85,2290.074381
90,13.5,2.66,3.94,36.68,1.17,2.6,3002.448881
91,13.72,4.01,3.41,40.24,0.84,2.18,3314.008251
92,7.38,1.88,2.54,42.24,0.38,1.28,1083.997243
93,20.21,8.33,2.5,23.78,1.47,1.82,4340.321678
94,10.69,2.66,3.49,84.33,0.39,1.97,1313.580022
95,15.75,3.6,2.82,70.68,0.95,2.04,3246.842395
96,17.96,4.26,2.87,49.41,0.92,2.01,6073.667303
97,16.95,4.14,2.3,61.43,1.47,2.05,4782.524323
98,19.73,7.85,2.63,49.91,1.59,2.11,7671.102916
99,11.91,4.48,2.27,47.38,0.84,1.57,2841.106204
100,15.53,5.42,2.64,64.49,1.55,2.1,3797.854774
101,14.44,2.92,2.34,68.76,0.98,1.97,2939.373219
102,13.37,4.66,3.04,52.23,0.86,1.72,3482.221551
103,10.5,3.22,3.69,61.09,0.45,2.17,2000.189228
104,18.9,4.57,2.65,18.63,1.06,1.54,3463.971339
105,17.89,4.22,1.86,34.13,1.75,1.62,4744.155956
106,15.32,3.71,3.29,55.99,1.35,2.42,4358.662609
107,13.48,2.61,2.93,55.3,0.5,1.7,3384.908522
108,17.17,3.82,2.35,38.08,1.43,1.97,4830.54738
109,20.86,6.3,2.53,40.57,2.08,2.43,7865.496173
110,15.19,5.05,3.11,57.97,1.15,2.16,4152.714512
111,14.95,3.29,2.69,75.73,0.58,1.8,2635.017852
112,12.1,5.1,3.97,63.24,0.38,1.93,2457.10448
113,18.24,4.31,2.85,44.53,1.39,2.06,6153.991131
114,19.86,6.82,2.77,45.44,1.33,2.08,7479.838025
115,19.54,5.93,3.23,37.4,0.82,1.8,6024.335491
116,18.37,4.95,2.45,42.26,1.4,2.06,6043.934192
117,12.89,4.26,4.09,66.21,0.81,2.77,2577.89621
118,15.2,3.49,3.2,42.63,1.52,2.23,4231.240824
119,12.23,2.39,3.02,40.67,1.02,1.84,2732.976567
120,17.88,5.58,3.2,49.61,1.23,2.37,6117.309423
121,15.79,4.22,3.01,63.24,0.48,2.07,3906.15734
122,12.38,2.48,2.63,33.48,1.17,1.73,2395.213215
123,18.98,9.78,2.69,46.4,1.11,1.67,6832.601393
124,13.76,3.86,3.46,52.36,0.5,1.89,3610.669468
125,23.55,8.25,1.28,14.24,2.18,1.24,4537.450554
126,14.86,3.9,2.64,60.5,1.33,1.95,3817.101002
127,16.43,5.99,2.62,35.5,1.13,1.72,4159.31856
128,15.86,2.94,2.74,51.49,1.62,2.15,4855.465353
129,12.98,5.26,3.25,60.51,0.93,1.98,2985.345079
130,17.21,4.62,2.79,20.12,1.52,1.93,3087.066942
131,15.34,3.06,2.11,50.65,1.17,1.71,4503.730218
132,17.57,4.44,2.3,44.57,1.46,1.98,5730.296039
133,10.74,1.72,3.33,62.94,0.31,1.89,1979.073347
134,18.79,4.48,3.57,35.74,0.93,2.3,5325.67512
135,12.83,2.69,3.67,17.2,0.61,2.01,1844.590046
136,15.35,4.66,3.07,26.63,1.53,2.05,2943.562745
137,14.88,5.16,3.47,51.29,0.38,1.77,4170.037252
138,14.69,3.63,2.39,62.93,1.04,1.93,3510.43345
139,7.77,1.48,2.8,40.24,0.37,1.43,1151.574538
140,15.87,6.82,3.2,32.82,0.58,1.64,3597.937545
141,18.75,5.16,1.45,58.05,1.37,1.55,6259.644052
142,15.63,4.66,2.85,40.83,0.84,1.7,4234.653775
143,18.06,8,2.6,56.29,1.64,2.18,6076.521717
144,12.05,2.36,3.21,42.36,0.5,1.77,2697.715316
145,14.44,4.53,2.81,65.32,1.16,1.93,3236.108888
146,16.69,5.05,3.44,36.22,1.48,2.52,4396.485807
147,15.8,2.72,3.29,42.13,0.43,1.97,4332.565278
148,16.84,5.1,3.16,60.43,1.6,2.6,4866.019477
149,13.46,4.57,3.04,56.59,0.1,1.53,3304.287839
150,14.63,7.1,3.02,21.47,1.26,1.79,2441.362701
151,12.2,2.92,3.36,28.87,0.82,1.69,2075.032467
152,10.5,2.56,3.11,54.54,0.45,1.82,2205.747231
153,18.68,6.17,2.5,43.35,1.66,1.87,6454.680727
154,16.88,6.62,2.45,65.82,0.63,1.5,4162.716676
155,15.42,4.06,2.8,18.98,1.5,1.93,2553.452427
156,13.01,3.6,2.38,50.41,0.48,1.55,3287.383667
157,17.92,5.37,2.3,57.84,1.33,1.92,5729.988012
158,15.97,3.19,2.63,52.55,1.41,2.09,4863.070033
159,13.32,3.19,2.45,57.86,1.05,1.74,3265.739231
160,18.1,9.58,3.34,56.09,1.02,2.15,5993.918258
161,16.21,4.01,2.77,59.83,1.21,2.32,4515.872469
162,18,5.58,1.71,28.46,1.74,1.49,4065.46508
163,17.86,6.96,2.5,26.22,0.28,0.93,3683.597361
164,11.6,1.73,2.18,53.54,0.6,1.5,2642.806335
165,17.98,4.26,2.94,25.17,0.9,1.86,3653.371799
166,16.61,3.49,1.83,60.13,1.54,1.86,4736.868844
167,19.06,9.49,3.2,55.53,1.57,2.39,6862.820159
168,12.83,3.56,3.15,29.87,1.09,2.09,2333.784963
169,18.96,5.81,2.17,29.28,1.58,1.95,4556.184142
170,11.71,1.88,4.01,44.03,0.04,1.84,2581.070967
171,11.91,5.42,3.83,28.94,0.38,1.78,1988.596243
172,17.44,5.7,3.44,57.33,1.33,2.38,5483.878273
173,10.95,2.23,3.67,47.06,0.12,1.93,2371.721609
174,12.94,2.64,2.88,38.29,1.25,1.94,2899.214847
175,15.72,3.78,2.51,35.09,1.42,1.95,3813.169169
176,14.02,4.48,3.01,62.59,1.04,2.16,3268.828721
177,14.49,4.85,3,22.54,1.08,1.99,2442.094088
178,11.8,2.92,3.64,35.35,0.35,1.76,2263.803777
179,19.29,5,2.82,58.56,1.23,1.97,6531.973105
180,7.22,1.42,3.6,63.09,-0.03,1.67,891.4526978
181,15.7,3,3.41,46.86,0.14,1.93,4484.928176
182,14.48,3.82,3.56,47.44,0.67,2.11,3970.769808
183,9.88,2.72,3.64,55.19,0.52,2.16,1972.763685
184,18.8,6.05,3.23,74.07,1.66,2.54,4073.433647
185,18.07,3.78,2.89,28.67,1.52,2.1,4087.611732
186,15.68,5.37,3.77,57.85,0.72,2.35,4354.473023
187,15.28,3.49,2.29,34.78,1.28,1.61,3581.187282
188,10.88,3.32,4.09,55.09,0.81,2.4,2367.71562
189,16.14,5.05,3.16,38.03,0.97,2.05,4256.566703
190,16.12,4.1,2.42,35.84,1.48,1.84,4075.219934
191,13.52,3.86,3.45,31.57,1.51,2.22,2685.799399
192,6.55,1.13,4.13,56.69,0.28,2.1,839.8220626
193,20.37,6.69,2.37,37.76,1.4,1.99,6774.728279
194,12.92,3.9,3.68,71.4,0.11,1.91,2253.251527
195,17.13,5.99,2.88,51.45,1.77,2.28,5726.071238
196,11.95,3.13,2.97,67.18,0.8,2.06,2203.839738
197,17.99,9.87,3.38,44.32,0.98,2.08,5949.843842
198,12.12,2.27,3.52,57.07,-0.04,1.73,2701.389046
199,15.55,4.48,2.48,58.25,1.89,2.35,4415.829234
200,20.89,7.54,3.23,46.17,1.71,2.27,8590.384044